{
  "model": "anthropic/claude-haiku-4.5",
  "cap_usd": 1.5,
  "spent_usd": 0.570809000000002,
  "elapsed_s": 494.86540566699114,
  "smoke": false,
  "baseline": {
    "seeds": [
      60000,
      60001,
      60002,
      60003,
      60004,
      60005,
      60006,
      60007,
      60008,
      60009,
      60010,
      60011,
      60012,
      60013,
      60014,
      60015,
      60016,
      60017,
      60018,
      60019,
      60020,
      60021,
      60022,
      60023,
      60024,
      60025,
      60026,
      60027,
      60028,
      60029
    ],
    "mean": 0.32992247134433933,
    "std": 0.022489119779663082,
    "parse_fail_rate": 0.0
  },
  "candidates": [
    {
      "name": "terse-baseline",
      "mean": 0.3311969472745747,
      "parse_fail_rate": 0.0
    },
    {
      "name": "verbose-with-strategy",
      "mean": 0.3404208227531805,
      "parse_fail_rate": 0.0
    },
    {
      "name": "step-numbered",
      "mean": 0.3443683510660437,
      "parse_fail_rate": 0.0
    },
    {
      "name": "rewritten-directive",
      "mean": 0.33402971693232575,
      "parse_fail_rate": 0.0
    }
  ],
  "best": {
    "name": "step-numbered",
    "mean_on_val": 0.3443683510660437
  },
  "heldout": {
    "seeds": [
      60100,
      60101,
      60102,
      60103,
      60104,
      60105,
      60106,
      60107,
      60108,
      60109,
      60110,
      60111,
      60112,
      60113,
      60114,
      60115,
      60116,
      60117,
      60118,
      60119,
      60120,
      60121,
      60122,
      60123,
      60124,
      60125,
      60126,
      60127,
      60128,
      60129
    ],
    "default_mean": 0.3324922909042816,
    "best_mean": 0.32906751212073393,
    "delta": -0.0034247787835476845,
    "ci_lo": -0.007975329204684769,
    "ci_hi": -0.0008111731335880464,
    "n_bootstrap": 5000
  }
}